"id","created_at","name","has_test","alternate_url"
"69724262","2022-09-15T15:51:54+0300","Data scientist",false,"https://hh.ru/vacancy/69724262"
"69647954","2022-09-15T09:47:19+0300","Аналитик данных / Data Analyst",true,"https://hh.ru/vacancy/69647954"
"69182443","2022-09-14T13:17:54+0300","Data Scientist (команда Поиска)",false,"https://hh.ru/vacancy/69182443"
"69500080","2022-09-14T13:17:59+0300","Senior Data Scientist в b2c направление",false,"https://hh.ru/vacancy/69500080"
"69900300","2022-09-16T14:58:00+0300","Бизнес-аналитик (Data Science направление)",false,"https://hh.ru/vacancy/69900300"
"69882858","2022-09-16T09:53:52+0300","Data Science Engineer",false,"https://hh.ru/vacancy/69882858"
"69081304","2022-09-16T12:33:52+0300","Data Analyst",false,"https://hh.ru/vacancy/69081304"
"69904023","2022-09-16T15:55:55+0300","Data Analyst / Data Scientist",false,"https://hh.ru/vacancy/69904023"
"69651789","2022-09-15T09:38:00+0300","Data Scientist",false,"https://hh.ru/vacancy/69651789"
"68958894","2022-09-15T10:57:11+0300","Data Scientist в Сбер",false,"https://hh.ru/vacancy/68958894"
"69918214","2022-09-17T19:08:02+0300","Эксперт на разработку курса “Data Science”",false,"https://hh.ru/vacancy/69918214"
"69813867","2022-09-17T15:12:13+0300","Старший математик \ Senior Data scientist",false,"https://hh.ru/vacancy/69813867"
"68380428","2022-09-15T12:22:11+0300","Data Analyst",false,"https://hh.ru/vacancy/68380428"
"69809084","2022-09-14T13:49:21+0300","Специалист по Data Science",false,"https://hh.ru/vacancy/69809084"
"69854683","2022-09-15T13:17:39+0300","Data Analyst",false,"https://hh.ru/vacancy/69854683"
"69809085","2022-09-14T13:49:21+0300","Специалист по Data Science",false,"https://hh.ru/vacancy/69809085"
"69862641","2022-09-15T15:43:08+0300","Data Engineer",false,"https://hh.ru/vacancy/69862641"
"69891580","2022-09-16T12:21:38+0300","Quantitative Researcher/Developer",false,"https://hh.ru/vacancy/69891580"
"69909532","2022-09-16T18:36:37+0300","Business Intelligence Manager (Data Office & Sales Force Automation)",true,"https://hh.ru/vacancy/69909532"
"69016625","2022-09-16T11:46:39+0300","Data scientist (проект ""Моменты"")",false,"https://hh.ru/vacancy/69016625"
